customer_id,concept_id,trial_sessions,feature_clicks,repeat_usage_days,active_users,time_spent_minutes,abandoned_features
CUST0001,C001,,30.0,1.0,4.0,56.7,
CUST0002,C001,2.0,29.0,2.0,12.0,54.1,6.0
CUST0003,C001,2.0,31.0,2.0,4.0,24.0,3.0
CUST0004,C001,3.0,22.0,2.0,7.0,1.0,4.0
CUST0005,C001,1.0,,1.0,4.0,10.1,0.0
CUST0006,C001,5.0,16.0,1.0,4.0,13.9,4.0
CUST0007,C001,2.0,22.0,4.0,3.0,26.0,2.0
CUST0009,C002,5.0,28.0,3.0,1.0,54.1,2.0
CUST0010,C002,5.0,40.0,3.0,8.0,86.3,1.0
CUST0011,C002,5.0,25.0,6.0,4.0,73.5,1.0
CUST0012,C002,3.0,34.0,5.0,2.0,53.6,0.0
CUST0013,C003,1.0,11.0,4.0,1.0,29.5,2.0
CUST0014,C003,1.0,21.0,5.0,1.0,61.3,1.0
CUST0015,C004,4.0,44.0,12.0,5.0,92.8,1.0
CUST0016,C004,11.0,31.0,5.0,5.0,74.1,1.0
CUST0017,C005,6.0,14.0,9.0,6.0,68.6,3.0
CUST0018,C005,1.0,27.0,3.0,1.0,68.2,1.0
CUST0019,C005,2.0,13.0,6.0,6.0,78.9,3.0
CUST0022,C005,4.0,21.0,6.0,2.0,86.1,0.0
CUST0023,C005,4.0,22.0,4.0,1.0,77.1,1.0
CUST0024,C006,8.0,38.0,4.0,8.0,72.1,
CUST0027,C006,4.0,35.0,5.0,4.0,66.4,
CUST0028,C006,5.0,,8.0,5.0,40.8,
CUST0029,C006,1.0,25.0,8.0,4.0,82.3,3.0
CUST0031,C006,4.0,33.0,4.0,5.0,93.8,0.0
CUST0032,C007,4.0,,8.0,,79.2,0.0
CUST0033,C007,4.0,34.0,5.0,,62.4,1.0
CUST0034,C008,2.0,,3.0,4.0,34.6,1.0
CUST0035,C008,3.0,10.0,2.0,2.0,14.6,3.0
CUST0036,C008,1.0,10.0,1.0,5.0,42.9,3.0
CUST0037,C008,2.0,4.0,2.0,2.0,,
CUST0039,C008,3.0,7.0,0.0,2.0,76.9,2.0
CUST0040,C008,1.0,14.0,3.0,1.0,10.3,2.0
CUST0041,C008,5.0,9.0,1.0,2.0,44.5,2.0
CUST0042,C009,4.0,32.0,1.0,1.0,77.6,1.0
CUST0043,C009,3.0,37.0,5.0,4.0,70.2,1.0
CUST0044,C009,2.0,27.0,9.0,5.0,94.7,0.0
CUST0045,C009,6.0,29.0,4.0,5.0,43.8,1.0
CUST0046,C010,1.0,25.0,8.0,5.0,44.5,
CUST0047,C010,1.0,23.0,10.0,1.0,89.8,0.0
CUST0048,C010,5.0,22.0,6.0,4.0,74.9,1.0
CUST0050,C010,,17.0,5.0,2.0,55.6,0.0
CUST0051,C011,1.0,49.0,4.0,6.0,64.3,0.0
CUST0052,C011,5.0,36.0,8.0,6.0,58.8,1.0
CUST0053,C012,5.0,32.0,9.0,5.0,69.5,0.0
CUST0055,C012,5.0,36.0,3.0,1.0,74.9,0.0
CUST0056,C013,4.0,18.0,1.0,1.0,31.3,2.0
CUST0057,C013,2.0,,4.0,3.0,25.9,6.0
CUST0058,C013,,25.0,2.0,2.0,1.0,3.0
CUST0059,C014,4.0,15.0,6.0,3.0,55.8,1.0
CUST0060,C014,3.0,19.0,9.0,1.0,92.3,0.0
CUST0062,C015,5.0,19.0,3.0,3.0,27.1,
CUST0064,C015,6.0,24.0,4.0,1.0,25.9,3.0
CUST0065,C015,4.0,20.0,2.0,1.0,49.8,1.0
CUST0067,C016,1.0,23.0,6.0,2.0,31.5,
CUST0070,C017,1.0,48.0,,2.0,1.0,
CUST0071,C018,4.0,39.0,6.0,4.0,38.6,1.0
CUST0072,C018,4.0,37.0,11.0,5.0,110.6,3.0
CUST0075,C018,,34.0,6.0,5.0,71.0,2.0
CUST0077,C019,6.0,20.0,15.0,6.0,155.2,0.0
CUST0078,C019,7.0,23.0,11.0,2.0,129.9,0.0
CUST0079,C019,7.0,13.0,10.0,2.0,69.7,0.0
CUST0084,C020,1.0,30.0,4.0,1.0,60.9,1.0
CUST0086,C020,2.0,21.0,,5.0,93.1,1.0
CUST0087,C020,4.0,20.0,6.0,3.0,49.4,0.0
CUST0088,C021,6.0,17.0,4.0,4.0,36.8,1.0
CUST0089,C021,5.0,15.0,,3.0,55.5,2.0
CUST0090,C021,,18.0,,3.0,83.1,1.0
CUST0091,C021,4.0,18.0,5.0,1.0,54.8,1.0
CUST0092,C022,3.0,12.0,,1.0,78.3,3.0
CUST0095,C022,6.0,17.0,3.0,3.0,39.2,0.0
CUST0098,C023,2.0,34.0,3.0,6.0,46.8,0.0
CUST0101,C024,4.0,25.0,6.0,3.0,44.6,0.0
CUST0102,C024,,23.0,6.0,1.0,9.4,4.0
CUST0104,C024,6.0,28.0,7.0,3.0,40.1,3.0
CUST0105,C025,5.0,41.0,5.0,5.0,103.7,0.0
CUST0106,C025,2.0,39.0,4.0,4.0,61.3,2.0
CUST0107,C025,2.0,,3.0,4.0,100.5,0.0
CUST0110,C025,1.0,37.0,4.0,,87.7,1.0
CUST0111,C025,4.0,33.0,6.0,2.0,90.1,1.0
CUST0112,C025,1.0,39.0,1.0,5.0,56.4,0.0
CUST0115,C026,,39.0,13.0,7.0,,0.0
CUST0116,C027,7.0,20.0,6.0,1.0,82.6,0.0
CUST0118,C028,5.0,30.0,2.0,1.0,27.9,2.0
CUST0119,C028,1.0,23.0,4.0,4.0,37.6,1.0
CUST0120,C028,4.0,34.0,5.0,,30.4,1.0
CUST0122,C028,1.0,25.0,3.0,3.0,74.0,3.0
CUST0123,C028,4.0,,0.0,8.0,15.0,2.0
CUST0124,C028,,33.0,3.0,,38.5,1.0
CUST0125,C028,3.0,36.0,,4.0,56.1,2.0
CUST0126,C029,6.0,35.0,4.0,7.0,69.8,0.0
CUST0127,C029,3.0,31.0,2.0,,37.2,2.0
CUST0128,C029,3.0,29.0,10.0,2.0,101.6,1.0
CUST0129,C029,7.0,30.0,8.0,4.0,37.3,2.0
CUST0130,C029,9.0,44.0,7.0,5.0,60.5,0.0
CUST0131,C029,7.0,27.0,6.0,2.0,90.8,1.0
CUST0132,C030,6.0,31.0,2.0,3.0,84.0,0.0
CUST0133,C030,8.0,31.0,9.0,6.0,38.0,2.0
CUST0135,C030,3.0,36.0,7.0,3.0,37.6,2.0
CUST0138,C031,4.0,28.0,5.0,3.0,37.6,2.0
CUST0140,C031,1.0,36.0,5.0,5.0,46.6,0.0
CUST0141,C032,12.0,45.0,3.0,8.0,72.6,0.0
CUST0142,C032,5.0,33.0,8.0,3.0,110.1,0.0
CUST0143,C032,7.0,32.0,4.0,9.0,93.1,0.0
CUST0144,C032,7.0,30.0,11.0,4.0,43.8,0.0
CUST0146,C033,6.0,27.0,8.0,6.0,84.6,1.0
CUST0148,C033,2.0,15.0,7.0,3.0,79.8,0.0
CUST0149,C033,10.0,20.0,11.0,4.0,84.9,0.0
CUST0150,C033,9.0,17.0,8.0,4.0,86.7,0.0
CUST0151,C033,9.0,20.0,5.0,2.0,70.3,0.0
CUST0152,C034,4.0,33.0,11.0,3.0,33.8,2.0
CUST0153,C034,12.0,32.0,6.0,8.0,103.7,1.0
CUST0154,C034,10.0,31.0,4.0,5.0,58.8,0.0
CUST0155,C035,,23.0,15.0,2.0,73.8,
CUST0160,C035,6.0,32.0,3.0,2.0,91.1,0.0
CUST0161,C036,6.0,25.0,5.0,1.0,47.5,1.0
CUST0162,C036,5.0,30.0,9.0,3.0,67.9,0.0
CUST0164,C037,2.0,39.0,2.0,1.0,66.0,4.0
CUST0165,C037,1.0,35.0,2.0,8.0,55.8,5.0
CUST0166,C037,4.0,42.0,0.0,4.0,1.0,1.0
CUST0167,C037,2.0,34.0,2.0,,56.7,2.0
CUST0168,C038,4.0,22.0,,3.0,73.8,2.0
CUST0169,C038,8.0,31.0,5.0,,,1.0
CUST0171,C039,2.0,14.0,5.0,2.0,83.2,0.0
CUST0173,C040,1.0,35.0,4.0,3.0,80.8,3.0
CUST0174,C040,,31.0,3.0,6.0,28.9,3.0
CUST0176,C041,,31.0,3.0,4.0,31.6,3.0
CUST0177,C041,2.0,28.0,2.0,3.0,,2.0
CUST0178,C042,3.0,19.0,6.0,1.0,29.6,2.0
CUST0179,C042,,17.0,6.0,3.0,57.9,5.0
CUST0182,C043,1.0,33.0,7.0,8.0,73.2,2.0
CUST0183,C043,4.0,45.0,9.0,,100.7,0.0
CUST0184,C043,5.0,38.0,9.0,,68.3,0.0
CUST0187,C044,4.0,,5.0,1.0,,0.0
CUST0189,C044,2.0,22.0,9.0,8.0,52.2,4.0
CUST0190,C044,4.0,14.0,3.0,,1.0,2.0
CUST0191,C045,4.0,40.0,6.0,7.0,21.4,1.0
CUST0193,C046,3.0,19.0,4.0,3.0,72.3,2.0
CUST0194,C046,5.0,,6.0,2.0,46.8,1.0
CUST0199,C047,8.0,18.0,1.0,3.0,,
CUST0201,C047,1.0,16.0,6.0,4.0,59.6,2.0
CUST0203,C047,5.0,10.0,3.0,2.0,55.9,3.0
CUST0204,C047,4.0,16.0,7.0,1.0,60.4,0.0
CUST0205,C047,6.0,18.0,2.0,1.0,51.7,
CUST0206,C047,2.0,16.0,3.0,1.0,47.6,2.0
CUST0207,C048,5.0,25.0,9.0,6.0,,1.0
CUST0208,C048,3.0,26.0,8.0,5.0,77.7,1.0
CUST0209,C048,,33.0,12.0,7.0,75.5,0.0
CUST0210,C048,3.0,34.0,6.0,5.0,69.8,0.0
CUST0213,C049,1.0,25.0,1.0,7.0,14.0,5.0
CUST0214,C049,1.0,20.0,0.0,3.0,,3.0
CUST0215,C050,5.0,15.0,4.0,2.0,,0.0
CUST0216,C050,6.0,26.0,10.0,6.0,41.6,0.0
